[
    {
        "editable_type": 20,
        "item_category": 0,
        "action_type": 20,
        "hit_sound_type": 1,
        "name": "Example Sword",
        "texture": "swords.rttex",
        "texture_hash": 58289406,
        "item_kind": 0,
        "val1": -1,
        "texture_x": 0,
        "texture_y": 0,
        "spread_type": 1,
        "is_stripey_wallpaper": 0,
        "collision_type": 1,
        "break_hits": 0,
        "drop_chance": 0,
        "clothing_type": 5,
        "rarity": 999,
        "max_amount": 250,
        "extra_file": "game/swords_icon.rttex",
        "extra_file_hash": -741876268,
        "audio_volume": 400,
        "pet_name": "",
        "pet_prefix": "",
        "pet_suffix": "",
        "pet_ability": "",
        "seed_base": 0,
        "seed_overlay": 0,
        "tree_base": 0,
        "tree_leaves": 0,
        "seed_color": {
            "a": 255,
            "r": 255,
            "g": 255,
            "b": 255
        },
        "seed_overlay_color": {
            "a": 255,
            "r": 255,
            "g": 255,
            "b": 255
        },
        "grow_time": 0,
        "val2": 4097,
        "is_rayman": 0,
        "extra_options": "0,0|1,0|2,0|3,0|4,0|5,0|6,0|7,0|8,0|9,0|10,0|11,0|12,0|13,0|",
        "texture2": "",
        "extra_options2": "",
        "data_position_80": "00 00 00 00 00 00 00 00 00 00 05 00 00 00 00 00 00 00 00 00 00 00 00 00 00 00 00 00 00 00 00 00 00 00 00 00 00 29 00 00 00 00 00 00 00 00 00 00 00 00 00 00 00 00 00 00 00 00 00 00 00 00 00 00 00 00 00 00 00 00 00 00 00 00 00 00 00 00 00 00",
        "punch_options": "ONPUNCHSTART;OP_EXTEND_FROM_EMITTER;op_particle2:812;op_audio:audio/arrow_thwip.wav;UPDATEPUNCH;up_face:4;UP_SPINARM2",
        "data_version_12": "00 00 00 00 09 09 09 09 09 09 09 09 09",
        "int_version_13": 0,
        "int_version_14": 0,
        "data_version_15": "00 00 00 00 00 00 00 00 00 00 00 00 00 00 00 00 00 00 00 00 00 00 00 00 00",
        "str_version_15": "",
        "str_version_16": "",
        "int_version_17": 0,
        "int_version_18": 0,
        "is_farmable": false,
        "playmod": "Giantastic & 1 Hit: Example Sword",
        "equip_info": "You're now wearing example sword! You can 1 hit and youre bigger!",
        "unequip_info": "You're no longer wearing example sword",
        "description": "An example custom hand item for RealityPS based servers.",
        "chi": "Earth",
        "punch_effect": 111
    },
    {
        "editable_type": 0,
        "item_category": 0,
        "action_type": 19,
        "hit_sound_type": 1,
        "name": "Example Sword Seed",
        "texture": "swords.rttex",
        "texture_hash": 58289406,
        "item_kind": 0,
        "val1": -1,
        "texture_x": 0,
        "texture_y": 0,
        "spread_type": 1,
        "is_stripey_wallpaper": 0,
        "collision_type": 0,
        "break_hits": 20,
        "drop_chance": 2,
        "clothing_type": 0,
        "rarity": 999,
        "max_amount": 250,
        "extra_file": "",
        "extra_file_hash": 0,
        "audio_volume": 400,
        "pet_name": "",
        "pet_prefix": "",
        "pet_suffix": "",
        "pet_ability": "",
        "seed_base": 6,
        "seed_overlay": 1,
        "tree_base": 5,
        "tree_leaves": 7,
        "seed_color": {
            "a": 255,
            "r": 250,
            "g": 2,
            "b": 246
        },
        "seed_overlay_color": {
            "a": 255,
            "r": 250,
            "g": 2,
            "b": 246
        },
        "grow_time": 300,
        "val2": 0,
        "is_rayman": 0,
        "extra_options": "",
        "texture2": "",
        "extra_options2": "",
        "data_position_80": "00 00 00 00 00 00 00 00 00 00 00 00 00 00 00 00 00 00 00 00 00 00 00 00 00 00 00 00 00 00 00 00 00 00 00 00 00 00 00 00 00 00 00 00 00 00 00 00 00 00 00 00 00 00 00 00 00 00 00 00 00 00 00 00 00 00 00 00 00 00 00 00 00 00 00 00 00 00 00 00",
        "punch_options": "",
        "data_version_12": "00 00 00 00 00 00 00 00 00 00 00 00 00",
        "int_version_13": 0,
        "int_version_14": 0,
        "data_version_15": "00 00 00 00 00 00 00 00 00 00 00 00 00 00 00 00 00 00 00 00 00 00 00 00 00",
        "str_version_15": "",
        "str_version_16": "",
        "int_version_17": 0,
        "int_version_18": 0,
        "is_farmable": false,
        "playmod": "",
        "equip_info": "",
        "unequip_info": "",
        "description": "This item has no description.",
        "chi": "None",
        "punch_effect": 0
    }
]