{
    "magplantCapacities": [
        {
            "itemID": "ITEM_MAGPLANT_5000",
            "maxItems": 5000
        },
        {
            "itemID": "ITEM_GAIAS_BEACON",
            "maxItems": 1500
        },
        {
            "itemID": "ITEM_UNSTABLE_TESSERACT",
            "maxItems": 1500
        },
        {
            "itemID": "ITEM_TECHNOORGANIC_ENGINE",
            "maxItems": 3000
        },
        {
            "itemID": "ITEM_GALACTUS_TELEPORTATOR",
            "maxItems": 800
        },
        {
            "itemID": "ITEM_LEGENDARY_MAGPLANT_20000",
            "maxItems": 20000
        }
    ]
}