{
  "lockeItems": [
    { "saleID": "ITEM_BIG_LOCK", "saleAmount": 1, "salePrice": 5, "lockRequired": "ITEM_SMALL_LOCK" },
    { "saleID": "ITEM_HUGE_LOCK", "saleAmount": 1, "salePrice": 3, "lockRequired": "ITEM_BIG_LOCK" },
    { "saleID": "ITEM_NEON_GUM", "saleAmount": 1, "salePrice": 2, "lockRequired": "ITEM_HUGE_LOCK" },
    { "saleID": "ITEM_WORLD_LOCK", "saleAmount": 1, "salePrice": 5, "lockRequired": "ITEM_HUGE_LOCK" },
    { "saleID": "ITEM_LOCKES_MYSTERY_BOX", "saleAmount": 1, "salePrice": 1, "lockRequired": "ITEM_WORLD_LOCK" },
    { "saleID": "ITEM_BASIC_BLUE_BLOCK", "saleAmount": 1, "salePrice": 1, "lockRequired": "ITEM_WORLD_LOCK" },
    { "saleID": "ITEM_GUILD_CHEST", "saleAmount": 1, "salePrice": 1, "lockRequired": "ITEM_WORLD_LOCK" },
    { "saleID": "ITEM_TRANSDIMENSIONAL_VAPORIZER_RAY", "saleAmount": 1, "salePrice": 3, "lockRequired": "ITEM_WORLD_LOCK" },
    { "saleID": "ITEM_PET_TRAINER_WHISTLE", "saleAmount": 1, "salePrice": 5, "lockRequired": "ITEM_WORLD_LOCK" },
    { "saleID": "ITEM_SALE_TELEVISION", "saleAmount": 1, "salePrice": 5, "lockRequired": "ITEM_WORLD_LOCK" },
    { "saleID": "ITEM_SAFE_VAULT", "saleAmount": 1, "salePrice": 6, "lockRequired": "ITEM_WORLD_LOCK" },
    { "saleID": "ITEM_CHI_HARMONIZER", "saleAmount": 1, "salePrice": 10, "lockRequired": "ITEM_WORLD_LOCK" },
    { "saleID": "ITEM_LOCKBOT_REMOTE", "saleAmount": 1, "salePrice": 10, "lockRequired": "ITEM_WORLD_LOCK" },
    { "saleID": "ITEM_BIRTH_CERTIFICATE", "saleAmount": 1, "salePrice": 15, "lockRequired": "ITEM_WORLD_LOCK" },
    { "saleID": "ITEM_EXTRACTOSNAP", "saleAmount": 1, "salePrice": 15, "lockRequired": "ITEM_WORLD_LOCK" },
    { "saleID": "ITEM_WOLF_WHISTLE", "saleAmount": 1, "salePrice": 15, "lockRequired": "ITEM_WORLD_LOCK" },
    { "saleID": "ITEM_LOCK_MOVER", "saleAmount": 1, "salePrice": 20, "lockRequired": "ITEM_WORLD_LOCK" },
    { "saleID": "ITEM_EDGY_ANIME_ROBE", "saleAmount": 1, "salePrice": 25, "lockRequired": "ITEM_WORLD_LOCK" },
    { "saleID": "ITEM_VIP_ENTRANCE", "saleAmount": 1, "salePrice": 25, "lockRequired": "ITEM_WORLD_LOCK" },
    { "saleID": "ITEM_STRETCHED_CANVAS", "saleAmount": 1, "salePrice": 30, "lockRequired": "ITEM_WORLD_LOCK" },
    { "saleID": "ITEM_SOUL_STONE", "saleAmount": 1, "salePrice": 70, "lockRequired": "ITEM_DIAMOND_LOCK" },
    { "saleID": "ITEM_SWORD_POMMEL", "saleAmount": 1, "salePrice": 40, "lockRequired": "ITEM_WORLD_LOCK" },
    { "saleID": "ITEM_LOCKES_MEGAPHONE", "saleAmount": 1, "salePrice": 40, "lockRequired": "ITEM_WORLD_LOCK" },
    { "saleID": "ITEM_BURNING_EYES", "saleAmount": 1, "salePrice": 50, "lockRequired": "ITEM_WORLD_LOCK" },
    { "saleID": "ITEM_GUILD_NAME_CHANGER", "saleAmount": 1, "salePrice": 65, "lockRequired": "ITEM_WORLD_LOCK" },
    { "saleID": "ITEM_RACCOON_LEASH", "saleAmount": 1, "salePrice": 80, "lockRequired": "ITEM_WORLD_LOCK" },
    { "saleID": "ITEM_ELECTRIC_BOW", "saleAmount": 1, "salePrice": 1, "lockRequired": "ITEM_DIAMOND_LOCK" },
    { "saleID": "ITEM_GROWTOKEN", "saleAmount": 1, "salePrice": 50, "lockRequired": "ITEM_DIAMOND_LOCK" },
    { "saleID": "ITEM_GROWMOJI_CHEST", "saleAmount": 1, "salePrice": 150, "lockRequired": "ITEM_WORLD_LOCK" },
    { "saleID": "ITEM_MICKEYMAY_LEASH", "saleAmount": 1, "salePrice": 3, "lockRequired": "ITEM_DIAMOND_LOCK" },
    { "saleID": "ITEM_GOLDEN_AURA", "saleAmount": 1, "salePrice": 5, "lockRequired": "ITEM_DIAMOND_LOCK" },
    { "saleID": "ITEM_BLUE_AURA", "saleAmount": 1, "salePrice": 5, "lockRequired": "ITEM_DIAMOND_LOCK" },
    { "saleID": "ITEM_PINK_AURA", "saleAmount": 1, "salePrice": 5, "lockRequired": "ITEM_DIAMOND_LOCK" },
    { "saleID": "ITEM_NEON_NERVES", "saleAmount": 1, "salePrice": 5, "lockRequired": "ITEM_DIAMOND_LOCK" },
    { "saleID": "ITEM_SOLAR_CHARIOT", "saleAmount": 1, "salePrice": 10, "lockRequired": "ITEM_DIAMOND_LOCK" },
    { "saleID": "ITEM_GOLDENROD", "saleAmount": 1, "salePrice": 10, "lockRequired": "ITEM_DIAMOND_LOCK" },
    { "saleID": "ITEM_HARMONIC_LOCK", "saleAmount": 1, "salePrice": 10, "lockRequired": "ITEM_DIAMOND_LOCK" },
    { "saleID": "ITEM_SAMILLES_SOUL_ABDUCTOR", "saleAmount": 1, "salePrice": 10, "lockRequired": "ITEM_DIAMOND_LOCK" },
    { "saleID": "ITEM_TOY_LOCKBOT", "saleAmount": 1, "salePrice": 15, "lockRequired": "ITEM_DIAMOND_LOCK" },
    { "saleID": "ITEM_DIAMOND_DRAGON", "saleAmount": 1, "salePrice": 100, "lockRequired": "ITEM_DIAMOND_LOCK" },
    { "saleID": "ITEM_PUNCH_ANTENNAE", "saleAmount": 1, "salePrice": 10, "lockRequired": "ITEM_WORLD_LOCK" },
    { "saleID": "ITEM_BUILD_ANTENNAE", "saleAmount": 1, "salePrice": 10, "lockRequired": "ITEM_WORLD_LOCK" },
    { "saleID": "ITEM_GROW_ANTENNAE", "saleAmount": 1, "salePrice": 10, "lockRequired": "ITEM_WORLD_LOCK" },
    { "saleID": "ITEM_MUSIC_AMPLIFIER", "saleAmount": 1, "salePrice": 50, "lockRequired": "ITEM_WORLD_LOCK" },
    { "saleID": "ITEM_DIAMOND_LOCK_MASK", "saleAmount": 1, "salePrice": 1, "lockRequired": "ITEM_DIAMOND_LOCK" },
    { "saleID": "ITEM_STYLISH_SUNGLASSES", "saleAmount": 1, "salePrice": 25, "lockRequired": "ITEM_WORLD_LOCK" },
    { "saleID": "ITEM_ELDRITCH_FLAME_AURA", "saleAmount": 1, "salePrice": 50, "lockRequired": "ITEM_DIAMOND_LOCK" },
    { "saleID": "ITEM_BANANA_DISPOSABLE_VAPE", "saleAmount": 1, "salePrice": 2, "lockRequired": "ITEM_DIAMOND_LOCK" },
    { "saleID": "ITEM_GOLDEN_DEVIL_WINGS", "saleAmount": 1, "salePrice": 1, "lockRequired": "ITEM_BLUE_GEM_LOCK" },
    { "saleID": "ITEM_BLUE_TOPAZ_BLOCK", "saleAmount": 1, "salePrice": 1, "lockRequired": "ITEM_DIAMOND_LOCK" },
    { "saleID": "ITEM_PINK_RUBY_BLOCK", "saleAmount": 1, "salePrice": 1, "lockRequired": "ITEM_WORLD_LOCK" },
    { "saleID": "ITEM_SCYTHE_OF_TIME", "saleAmount": 1, "salePrice": 2, "lockRequired": "ITEM_BLUE_GEM_LOCK" },
    { "saleID": "ITEM_CURSIE", "saleAmount": 1, "salePrice": 5, "lockRequired": "ITEM_BLUE_GEM_LOCK" },
    { "saleID": "ITEM_CRYSTAL_GEMS", "saleAmount": 1, "salePrice": 2, "lockRequired": "ITEM_DIAMOND_LOCK" },
    { "saleID": "ITEM_LEGENDARY_MYSTERY_BOX", "saleAmount": 1, "salePrice": 30, "lockRequired": "ITEM_DIAMOND_LOCK" },
    { "saleID": "ITEM_MYTHIC_MYSTERY_BOX", "saleAmount": 1, "salePrice": 1, "lockRequired": "ITEM_BLUE_GEM_LOCK" },
    { "saleID": "ITEM_THE_DARK_STONE", "saleAmount": 1, "salePrice": 5, "lockRequired": "ITEM_BLUE_GEM_LOCK" },
    { "saleID": "ITEM_MIKUS_ANIME_HAIR", "saleAmount": 1, "salePrice": 70, "lockRequired": "ITEM_WORLD_LOCK" }
  ]
}
