{
  "machineWeathers": [
    { "machineID": "ITEM_WEATHER_MACHINE_GUILD", "weatherID": 41 },
    { "machineID": "ITEM_WEATHER_MACHINE_HEATWAVE", "weatherID": 28 },
    { "machineID": "ITEM_WEATHER_MACHINE_STUFF", "weatherID": 29 },
    { "machineID": "ITEM_WEATHER_MACHINE_BACKGROUND", "weatherID": 34 },
    { "machineID": "ITEM_WEATHER_MACHINE_NOTHINGNESS", "weatherID": 10 },
    { "machineID": "ITEM_WEATHER_MACHINE_NIGHT", "weatherID": 2 },
    { "machineID": "ITEM_WEATHER_MACHINE_ARID", "weatherID": 3 },
    { "machineID": "ITEM_WEATHER_MACHINE_SUNNY", "weatherID": 4 },
    { "machineID": "ITEM_WEATHER_MACHINE_RAINY_CITY", "weatherID": 5 },
    { "machineID": "ITEM_WEATHER_MACHINE_SPOOKY", "weatherID": 8 },
    { "machineID": "ITEM_WEATHER_MACHINE_SNOWY", "weatherID": 11 },
    { "machineID": "ITEM_WEATHER_MACHINE_WARP_SPEED", "weatherID": 15 },
    { "machineID": "ITEM_WEATHER_MACHINE_COMET", "weatherID": 17 },
    { "machineID": "ITEM_WEATHER_MACHINE_PARTY", "weatherID": 18 },
    { "machineID": "ITEM_WEATHER_MACHINE_PINEAPPLES", "weatherID": 19 },
    { "machineID": "ITEM_WEATHER_MACHINE_SNOWY_NIGHT", "weatherID": 20 },
    { "machineID": "ITEM_WEATHER_MACHINE_SPRING", "weatherID": 21 },
    { "machineID": "ITEM_WEATHER_MACHINE_HOWLING_SKY", "weatherID": 22 },
    { "machineID": "ITEM_WEATHER_MACHINE_PAGODA", "weatherID": 30 },
    { "machineID": "ITEM_WEATHER_MACHINE_APOCALYPSE", "weatherID": 31 },
    { "machineID": "ITEM_WEATHER_MACHINE_JUNGLE", "weatherID": 32 },
    { "machineID": "ITEM_WEATHER_MACHINE_BALLOON_WARZ", "weatherID": 33 },
    { "machineID": "ITEM_WEATHER_MACHINE_AUTUMN", "weatherID": 35 },
    { "machineID": "ITEM_WEATHER_MACHINE_VALENTINES", "weatherID": 36 },
    { "machineID": "ITEM_WEATHER_MACHINE_ST_PADDYS_DAY", "weatherID": 37 },
    { "machineID": "ITEM_EPOCH_MACHINE", "weatherID": 0 },
    { "machineID": "ITEM_WEATHER_MACHINE_DIGITAL_RAIN", "weatherID": 42 },
    { "machineID": "ITEM_WEATHER_MACHINE_VAPORWAVE", "weatherID": 54 },
    { "machineID": "ITEM_WEATHER_MACHINE_RAININ_GEMS", "weatherID": 71 },
    { "machineID": "ITEM_WEATHER_MACHINE_FROZEN_CLIFFS", "weatherID": 44 },
    { "machineID": "ITEM_WEATHER_MACHINE_METEOR_SHOWER", "weatherID": 47 },
    { "machineID": "ITEM_WEATHER_MACHINE_STARGAZING", "weatherID": 48 },
    { "machineID": "ITEM_WEATHER_MACHINE_CELEBRITY_HILLS", "weatherID": 51 },
    { "machineID": "ITEM_WEATHER_MACHINE_PLAZA", "weatherID": 59 },
    { "machineID": "ITEM_WEATHER_MACHINE_NEBULA", "weatherID": 60 },
    { "machineID": "ITEM_WEATHER_MACHINE_PROTOSTAR_LANDING", "weatherID": 61 },
    { "machineID": "ITEM_WEATHER_MACHINE_DARK_MOUNTAINS", "weatherID": 62 },
    { "machineID": "ITEM_WEATHER_MACHINE_MT_GROWMORE", "weatherID": 64 },
    { "machineID": "ITEM_WEATHER_MACHINE_CRACK_IN_REALITY", "weatherID": 65 },
    { "machineID": "ITEM_WEATHER_MACHINE_NIANS_MOUNTAINS", "weatherID": 66 },
    { "machineID": "ITEM_WEATHER_MACHINE_REALM_OF_SPIRITS", "weatherID": 69 },
    { "machineID": "ITEM_WEATHER_MACHINE_BLACK_HOLE", "weatherID": 70 },
    { "machineID": "ITEM_NEPTUNES_WEATHER_MACHINE_ATLANTIS", "weatherID": 76 },
    { "machineID": "ITEM_WEATHER_MACHINE_HOLIDAY_HAVEN", "weatherID": 72 },
    { "machineID": "ITEM_WEATHER_MACHINE_PINUSKIS_PETAL_PURRFECT_HAVEN", "weatherID": 77 }
  ]
}
